João Silva, ID001
Maria Santos, ID002
Pedro Oliveira, ID003
Ana Costa, ID004
Carlos Ferreira, ID005
Juliana Rocha, ID006
Roberto Alves, ID007
Fernanda Lima, ID008
Lucas Martins, ID009
Beatriz Gomes, ID010
Roberto Pereira, ID011
Carlos Rocha, ID012
Letícia Marques, ID013
Vanessa Cavalcanti, ID014
Felipe Machado, ID015
Fernanda Moreira, ID016
Bruno Barbosa, ID017
Amanda Martins, ID018
Camila Alves, ID019
Patrícia Costa, ID020
Thiago Gonçalves, ID021
Patrícia Gonçalves, ID022
Ana Machado, ID023
Rodrigo Lima, ID024
André Martins, ID025
Ricardo Lima, ID026
Ricardo Araújo, ID027
Camila Fernandes, ID028
André Freitas, ID029
Ricardo Ribeiro, ID030
Ana Costa, ID031
Juliana Rocha, ID032
Thiago Mendes, ID033
Daniel Nascimento, ID034
Tatiane Cardoso, ID035
André Machado, ID036
Marcos Nascimento, ID037
Juliana Santos, ID038
Rafael Nascimento, ID039
Carlos Freitas, ID040
Roberto Vieira, ID041
Camila Alves, ID042
Maria Ribeiro, ID043
Tatiane Vieira, ID044
Bianca Souza, ID045
Letícia Barbosa, ID046
Daniel Fernandes, ID047
Vanessa Barbosa, ID048
Letícia Correia, ID049
Marcos Lopes, ID050
Ricardo Lima, ID051
Daniel Cardoso, ID052
Lucas Nascimento, ID053
Fernanda Cavalcanti, ID054
Fernanda Santos, ID055
Lucas Teixeira, ID056
Felipe Cavalcanti, ID057
João Lopes, ID058
Vanessa Carvalho, ID059
Maria Teixeira, ID060
Daniel Ferreira, ID061
Patrícia Vieira, ID062
Juliana Mendes, ID063
Felipe Ferreira, ID064
Priscila Gomes, ID065
Thiago Costa, ID066
João Ferreira, ID067
Bianca Machado, ID068
Bruno Alves, ID069
Ricardo Cavalcanti, ID070
Thiago Rocha, ID071
Fernanda Martins, ID072
Larissa Fernandes, ID073
Camila Rocha, ID074
Bruno Santos, ID075
Vanessa Fernandes, ID076
Renata Ferreira, ID077
Rodrigo Gonçalves, ID078
Pedro Santos, ID079
Daniel Barbosa, ID080
Carlos Ferreira, ID081
Priscila Cardoso, ID082
Maria Gonçalves, ID083
Juliana Machado, ID084
Marcos Oliveira, ID085
João Cavalcanti, ID086
Bruno Cavalcanti, ID087
Amanda Teixeira, ID088
Marcos Souza, ID089
André Machado, ID090
Letícia Fernandes, ID091
Juliana Vieira, ID092
Beatriz Vieira, ID093
Ricardo Lima, ID094
Bianca Lima, ID095
Pedro Lima, ID096
Patrícia Barbosa, ID097
Rodrigo Gomes, ID098
Maria Marques, ID099
Amanda Souza, ID100
Carlos Moreira, ID101
Letícia Rocha, ID102
Tatiane Marques, ID103
Rafael Moreira, ID104
Thiago Gonçalves, ID105
Juliana Mendes, ID106
Amanda Araújo, ID107
Rodrigo Carvalho, ID108
Vanessa Teixeira, ID109
Priscila Ribeiro, ID110
Daniel Gomes, ID111
Camila Freitas, ID112
Daniel Silva, ID113
Rafael Costa, ID114
Vanessa Moreira, ID115
Daniel Gonçalves, ID116
Ana Pereira, ID117
João Teixeira, ID118
Priscila Carvalho, ID119
Gabriel Marques, ID120
Larissa Rocha, ID121
Renata Ribeiro, ID122
Tatiane Martins, ID123
Renata Barbosa, ID124
Bianca Lima, ID125
Carlos Santos, ID126
Marcos Barbosa, ID127
Letícia Araújo, ID128
Vanessa Souza, ID129
Rodrigo Lopes, ID130
Maria Araújo, ID131
Patrícia Correia, ID132
Pedro Lopes, ID133
André Fernandes, ID134
Daniel Cardoso, ID135
Roberto Mendes, ID136
Vanessa Rocha, ID137
Gabriel Costa, ID138
Gabriel Fernandes, ID139
Ricardo Lopes, ID140
Larissa Carvalho, ID141
Bruno Santos, ID142
Marcos Santos, ID143
Priscila Martins, ID144
Patrícia Martins, ID145
Beatriz Gomes, ID146
Roberto Lopes, ID147
Felipe Souza, ID148
Vanessa Teixeira, ID149
Rafael Machado, ID150
